ts_code,trade_date,open,high,low,close,pre_close,change,pct_chg,vol,amount
002230.SZ,20240704,42.17,42.32,41.11,41.11,42.06,-0.95,-2.2587,268953.5,1119274.858
002230.SZ,20240705,41.1,41.37,40.2,41.2,41.01,0.19,0.4633,232522.23,949364.092
002230.SZ,20240708,40.41,40.41,38.38,38.7,41.2,-2.5,-6.068,481495.03,1878697.889
002230.SZ,20240709,38.69,39.1,37.9,39.0,38.7,0.3,0.7752,399023.45,1541676.079
002230.SZ,20240710,38.94,39.63,38.63,38.86,39.0,-0.14,-0.359,256942.68,1006234.46
002230.SZ,20240711,39.5,39.62,39.08,39.25,38.86,0.39,1.0036,266676.86,1048726.611
002230.SZ,20240712,39.07,39.23,38.62,38.66,39.25,-0.59,-1.5032,242519.04,941637.921
002230.SZ,20240715,38.62,38.62,37.9,38.13,38.66,-0.53,-1.3709,210184.22,802398.432
002230.SZ,20240716,38.13,39.2,37.9,39.01,38.13,0.88,2.3079,296073.7,1146196.747
002230.SZ,20240717,39.02,39.6,38.86,38.92,39.01,-0.09,-0.2307,231747.06,906726.163
002230.SZ,20240718,38.49,38.7,37.7,38.69,38.92,-0.23,-0.591,290126.81,1107927.015
002230.SZ,20240719,38.32,39.5,38.28,39.3,38.69,0.61,1.5766,286571.84,1122935.318
002230.SZ,20240722,39.3,40.18,39.3,39.64,39.3,0.34,0.8651,297808.69,1184481.262
002230.SZ,20240723,39.5,39.51,38.58,38.58,39.64,-1.06,-2.6741,210049.48,821038.118
002230.SZ,20240724,38.53,39.08,38.18,38.34,38.58,-0.24,-0.6221,192483.8,743298.128
002230.SZ,20240725,38.2,38.71,38.01,38.42,38.34,0.08,0.2087,154637.46,594035.953
002230.SZ,20240726,38.47,38.81,38.23,38.66,38.42,0.24,0.6247,149649.54,576447.432
002230.SZ,20240729,38.7,38.86,38.41,38.61,38.66,-0.05,-0.1293,114707.2,443251.495
002230.SZ,20240730,38.61,38.79,38.21,38.76,38.61,0.15,0.3885,133900.21,515505.362
002230.SZ,20240731,38.69,39.82,38.57,39.72,38.76,0.96,2.4768,281583.4,1111355.253
002230.SZ,20240801,39.73,39.88,39.22,39.26,39.72,-0.46,-1.1581,205448.43,810990.833
002230.SZ,20240802,38.98,39.49,38.75,38.87,39.26,-0.39,-0.9934,157247.77,613826.144
002230.SZ,20240805,38.4,39.12,37.88,37.9,38.87,-0.97,-2.4955,241014.01,924062.575
002230.SZ,20240806,38.17,38.34,35.2,36.42,37.9,-1.48,-3.905,508689.23,1850530.614
002230.SZ,20240807,36.43,36.85,36.2,36.46,36.42,0.04,0.1098,218567.53,798025.323
002230.SZ,20240808,36.11,36.42,35.54,36.15,36.46,-0.31,-0.8502,197056.17,708703.937
002230.SZ,20240809,36.3,36.55,35.86,35.9,36.15,-0.25,-0.6916,131997.24,476915.204
002230.SZ,20240812,35.88,35.89,33.8,34.71,35.9,-1.19,-3.3148,331423.21,1154457.791
002230.SZ,20240813,34.8,35.09,34.5,34.92,34.71,0.21,0.605,166093.87,577006.706
002230.SZ,20240814,34.92,35.0,34.51,34.67,34.92,-0.25,-0.7159,131889.21,458029.118
002230.SZ,20240815,34.6,35.24,34.23,34.68,34.67,0.01,0.0288,213281.23,741380.014
002230.SZ,20240816,34.67,34.85,34.41,34.46,34.68,-0.22,-0.6344,134645.35,465800.731
002230.SZ,20240819,34.45,34.74,34.37,34.51,34.46,0.05,0.1451,146214.61,505417.292
002230.SZ,20240820,34.52,34.64,33.77,34.02,34.51,-0.49,-1.4199,170916.54,582122.637
002230.SZ,20240821,33.97,34.69,33.5,34.0,34.02,-0.02,-0.0588,170425.19,582822.376
002230.SZ,20240822,34.05,34.49,33.04,33.08,34.0,-0.92,-2.7059,247294.53,829677.239
002230.SZ,20240823,33.0,34.05,32.95,33.93,33.08,0.85,2.5695,250523.67,843483.507
002230.SZ,20240826,33.94,34.33,33.81,34.0,33.93,0.07,0.2063,144815.35,492683.559
002230.SZ,20240827,33.91,33.94,33.2,33.33,34.0,-0.67,-1.9706,148148.38,495164.434
002230.SZ,20240828,33.29,33.5,32.66,33.32,33.33,-0.01,-0.03,154253.33,510333.309
002230.SZ,20240829,33.05,33.92,32.99,33.59,33.32,0.27,0.8103,166259.88,558439.385
002230.SZ,20240830,33.58,34.75,33.51,34.39,33.59,0.8,2.3817,284093.23,978243.498
002230.SZ,20240902,34.5,34.53,33.39,33.39,34.39,-1.0,-2.9078,200656.96,678010.655
002230.SZ,20240903,33.4,34.28,33.31,34.09,33.39,0.7,2.0964,204155.7,692972.145
002230.SZ,20240904,33.73,34.12,33.68,33.88,34.09,-0.21,-0.616,116883.44,396415.615
002230.SZ,20240905,33.89,34.45,33.81,34.25,33.88,0.37,1.0921,143465.18,490117.796
002230.SZ,20240906,34.35,34.76,33.89,34.0,34.25,-0.25,-0.7299,194245.74,667682.294
002230.SZ,20240909,33.9,34.25,33.5,33.66,34.0,-0.34,-1.0,132687.07,448339.328
002230.SZ,20240910,33.68,34.43,33.26,34.16,33.66,0.5,1.4854,167482.92,566933.119
002230.SZ,20240911,34.13,34.5,33.96,34.34,34.16,0.18,0.5269,149483.15,512893.609
002230.SZ,20240912,34.48,34.85,34.08,34.08,34.34,-0.26,-0.7571,142551.51,491054.536
002230.SZ,20240913,34.2,34.4,33.8,33.82,34.08,-0.26,-0.7629,130730.8,445507.614
002230.SZ,20240918,33.83,33.95,33.41,33.84,33.82,0.02,0.0591,110518.61,371853.924
002230.SZ,20240919,34.0,34.77,33.61,34.58,33.84,0.74,2.1868,251354.61,864006.381
002230.SZ,20240920,34.59,34.78,34.37,34.69,34.58,0.11,0.3181,183525.44,634556.172
002230.SZ,20240923,34.69,35.38,34.63,34.81,34.69,0.12,0.3459,201317.48,704323.145
002230.SZ,20240924,34.92,35.85,34.35,35.85,34.81,1.04,2.9876,379543.28,1339333.538
002230.SZ,20240925,36.12,37.46,36.12,36.38,35.85,0.53,1.4784,480585.28,1769655.937
002230.SZ,20240926,36.38,37.57,36.18,37.57,36.38,1.19,3.271,380436.38,1406537.751
002230.SZ,20240927,38.25,41.0,38.25,40.4,37.57,2.83,7.5326,743786.54,2950486.696
002230.SZ,20240930,42.38,44.44,42.26,44.44,40.4,4.04,10.0,1105597.72,4828743.059
002230.SZ,20241008,48.88,48.88,46.0,48.88,44.44,4.44,9.991,1378135.83,6678014.044
002230.SZ,20241009,48.88,50.14,46.07,46.97,48.88,-1.91,-3.9075,1443007.02,6942143.623
002230.SZ,20241010,46.97,47.7,43.91,44.74,46.97,-2.23,-4.7477,947111.1,4293400.007
002230.SZ,20241011,44.38,44.49,42.38,42.91,44.74,-1.83,-4.0903,594851.59,2568282.971
002230.SZ,20241014,42.91,43.66,42.14,43.65,42.91,0.74,1.7245,537324.97,2313967.454
002230.SZ,20241015,43.6,44.75,43.01,43.05,43.65,-0.6,-1.3746,542865.63,2385162.817
002230.SZ,20241016,42.24,43.56,42.06,43.0,43.05,-0.05,-0.1161,329357.71,1412525.057
002230.SZ,20241017,43.3,45.64,43.1,44.4,43.0,1.4,3.2558,798486.42,3534829.72
002230.SZ,20241018,44.01,47.51,43.05,45.83,44.4,1.43,3.2207,1128782.22,5100644.027
002230.SZ,20241021,46.22,47.0,45.83,46.18,45.83,0.35,0.7637,956263.5,4441628.408
002230.SZ,20241022,46.0,46.3,45.12,45.55,46.18,-0.63,-1.3642,553429.74,2516923.851
002230.SZ,20241023,45.5,46.0,45.14,45.58,45.55,0.03,0.0659,451499.11,2059996.997
002230.SZ,20241024,45.61,45.75,44.78,44.81,45.58,-0.77,-1.6893,376813.2,1697958.587
002230.SZ,20241025,45.45,45.81,45.17,45.48,44.81,0.67,1.4952,410538.88,1866511.889
002230.SZ,20241028,45.75,46.1,45.4,45.65,45.48,0.17,0.3738,398447.56,1821071.795
002230.SZ,20241029,45.84,47.42,45.15,45.91,45.65,0.26,0.5696,810103.26,3752782.509
002230.SZ,20241030,45.6,46.33,45.0,45.55,45.91,-0.36,-0.7841,473838.12,2160674.5
002230.SZ,20241031,45.55,46.55,44.7,45.95,45.55,0.4,0.8782,640004.31,2930889.74
002230.SZ,20241101,45.96,47.19,44.77,44.78,45.95,-1.17,-2.5462,604437.06,2752387.532
002230.SZ,20241104,44.44,46.11,43.74,45.43,44.78,0.65,1.4515,483510.23,2180904.47
002230.SZ,20241105,45.5,47.09,45.13,46.79,45.43,1.36,2.9936,926245.48,4303433.742
002230.SZ,20241106,46.8,48.89,46.65,47.79,46.79,1.0,2.1372,1103417.6,5284244.456
002230.SZ,20241107,47.0,49.4,46.4,48.7,47.79,0.91,1.9042,1014273.09,4836029.294
002230.SZ,20241108,49.23,50.4,48.09,48.2,48.7,-0.5,-1.0267,1074269.45,5288687.969
002230.SZ,20241111,48.0,51.82,47.84,51.35,48.2,3.15,6.5353,1628268.34,8227981.097
002230.SZ,20241112,51.0,51.2,48.78,49.28,51.35,-2.07,-4.0312,1104347.1,5508650.546
002230.SZ,20241113,48.67,54.21,48.48,54.21,49.28,4.93,10.0041,2246442.82,11740730.574
002230.SZ,20241114,54.59,55.15,52.4,52.69,54.21,-1.52,-2.8039,1951145.68,10529295.828
002230.SZ,20241115,52.98,56.5,52.94,53.07,52.69,0.38,0.7212,1899286.35,10385019.896
002230.SZ,20241118,53.98,54.35,47.76,48.35,53.07,-4.72,-8.8939,1654427.16,8207257.821
002230.SZ,20241119,47.3,48.06,45.61,47.76,48.35,-0.59,-1.2203,1289430.53,6044962.784
002230.SZ,20241120,47.79,49.88,47.47,49.15,47.76,1.39,2.9104,1046712.94,5131498.449
002230.SZ,20241121,49.0,51.18,48.19,50.05,49.15,0.9,1.8311,1012767.37,5056707.844
002230.SZ,20241122,49.7,52.35,48.7,48.92,50.05,-1.13,-2.2577,1332181.25,6760262.845
002230.SZ,20241125,50.15,50.78,47.01,48.79,48.92,-0.13,-0.2657,909114.83,4388962.8
002230.SZ,20241126,48.01,48.88,47.0,47.04,48.79,-1.75,-3.5868,636598.32,3040706.029
002230.SZ,20241127,46.92,48.5,46.48,48.48,47.04,1.44,3.0612,658783.81,3120429.634
002230.SZ,20241128,48.5,49.18,47.77,47.82,48.48,-0.66,-1.3614,580747.97,2811825.527
002230.SZ,20241129,47.5,52.53,47.41,51.31,47.82,3.49,7.2982,1558441.63,7856545.954
002230.SZ,20241202,51.0,51.49,50.5,51.15,51.31,-0.16,-0.3118,872952.1,4453201.552
002230.SZ,20241203,51.15,51.39,49.36,49.88,51.15,-1.27,-2.4829,769002.85,3859608.6
002230.SZ,20241204,50.07,50.76,49.41,49.88,49.88,0.0,0.0,674581.77,3375035.118
002230.SZ,20241205,49.98,52.09,49.98,51.3,49.88,1.42,2.8468,939182.21,4840352.156
002230.SZ,20241206,52.38,52.93,50.88,51.82,51.3,0.52,1.0136,877025.54,4551823.404
002230.SZ,20241209,51.84,54.21,51.84,52.68,51.82,0.86,1.6596,915822.47,4861529.162
002230.SZ,20241210,54.21,56.8,52.79,54.51,52.68,1.83,3.4738,1526411.72,8345556.961
002230.SZ,20241211,53.92,54.04,52.45,53.21,54.51,-1.3,-2.3849,810313.03,4307642.435
002230.SZ,20241212,53.0,53.8,51.85,52.33,53.21,-0.88,-1.6538,733883.09,3850817.468
002230.SZ,20241213,52.0,52.65,50.86,50.97,52.33,-1.36,-2.5989,683698.35,3536434.087
002230.SZ,20241216,51.0,51.5,50.21,50.5,50.97,-0.47,-0.9221,466526.51,2364113.042
002230.SZ,20241217,50.3,50.91,49.71,49.94,50.5,-0.56,-1.1089,439404.61,2208399.717
002230.SZ,20241218,50.01,51.1,49.61,50.6,49.94,0.66,1.3216,444090.09,2239341.388
002230.SZ,20241219,50.0,51.86,49.85,51.59,50.6,0.99,1.9565,602210.03,3076032.672
002230.SZ,20241220,51.29,52.5,50.99,51.75,51.59,0.16,0.3101,603968.55,3124270.597
002230.SZ,20241223,51.77,51.8,50.15,50.24,51.75,-1.51,-2.9179,463238.66,2353131.611
002230.SZ,20241224,50.24,50.5,49.46,50.28,50.24,0.04,0.0796,425445.48,2124543.802
002230.SZ,20241225,50.24,50.94,49.71,49.87,50.28,-0.41,-0.8154,356292.35,1787460.601
002230.SZ,20241226,49.87,51.28,49.77,50.8,49.87,0.93,1.8648,429538.83,2181236.822
002230.SZ,20241227,50.62,51.24,49.8,49.96,50.8,-0.84,-1.6535,465293.95,2352838.834
002230.SZ,20241230,49.81,51.0,48.81,50.1,49.96,0.14,0.2802,472966.57,2366736.372
002230.SZ,20241231,50.1,50.59,48.3,48.32,50.1,-1.78,-3.5529,514300.74,2521599.846
002230.SZ,20250102,48.02,48.22,46.0,46.3,48.32,-2.02,-4.1805,555146.57,2609222.544
002230.SZ,20250103,46.46,46.62,44.44,44.47,46.3,-1.83,-3.9525,524767.76,2373980.682
002230.SZ,20250106,44.4,45.41,44.02,44.4,44.47,-0.07,-0.1574,295708.15,1316446.929
002230.SZ,20250107,44.55,45.24,44.3,45.21,44.4,0.81,1.8243,327918.79,1471804.893
002230.SZ,20250108,45.01,45.5,43.73,45.09,45.21,-0.12,-0.2654,428008.95,1913404.368
002230.SZ,20250109,44.98,46.09,44.82,45.41,45.09,0.32,0.7097,341013.38,1553088.702
002230.SZ,20250110,45.5,46.1,44.8,44.8,45.41,-0.61,-1.3433,349200.89,1587914.512
002230.SZ,20250113,44.28,46.0,44.03,45.13,44.8,0.33,0.7366,407613.5,1842694.016
002230.SZ,20250114,45.25,47.17,44.89,47.01,45.13,1.88,4.1657,578147.0,2682180.974
002230.SZ,20250115,47.11,47.4,46.35,46.49,47.01,-0.52,-1.1061,382805.76,1787118.742
002230.SZ,20250116,46.98,49.81,46.96,48.16,46.49,1.67,3.5922,873617.68,4248842.232
002230.SZ,20250117,47.77,48.59,47.66,47.93,48.16,-0.23,-0.4776,417412.62,2005915.068
002230.SZ,20250120,48.51,48.69,47.66,47.81,47.93,-0.12,-0.2504,345767.59,1660325.359
002230.SZ,20250121,48.09,48.29,47.5,48.17,47.81,0.36,0.753,348587.94,1673157.963
002230.SZ,20250122,48.2,48.35,47.68,47.79,48.17,-0.38,-0.7889,290339.48,1393303.243
002230.SZ,20250123,48.3,48.99,47.35,47.36,47.79,-0.43,-0.8998,410059.7,1974108.7
002230.SZ,20250124,47.35,50.49,47.25,49.82,47.36,2.46,5.1943,894960.34,4401497.977
002230.SZ,20250127,52.18,52.2,50.1,50.68,49.82,0.86,1.7262,1041839.91,5310111.058
002230.SZ,20250205,53.0,55.0,53.0,54.43,50.68,3.75,7.3994,1600698.53,8669412.283
002230.SZ,20250206,53.39,54.99,53.01,54.6,54.43,0.17,0.3123,1120125.34,6070443.551
002230.SZ,20250207,54.49,55.69,53.45,54.3,54.6,-0.3,-0.5495,1342411.29,7332974.004
002230.SZ,20250210,54.87,55.87,54.22,55.04,54.3,0.74,1.3628,978136.41,5379572.637
002230.SZ,20250211,54.92,55.04,53.8,53.91,55.04,-1.13,-2.0531,828801.78,4507529.028
002230.SZ,20250212,53.85,54.5,53.61,54.09,53.91,0.18,0.3339,591703.08,3195595.244
002230.SZ,20250213,54.09,54.25,52.6,52.78,54.09,-1.31,-2.4219,719033.15,3827816.345
002230.SZ,20250214,52.78,54.74,52.15,54.58,52.78,1.8,3.4104,1004086.61,5401839.661
002230.SZ,20250217,55.28,56.12,54.43,55.05,54.58,0.47,0.8611,967306.35,5344949.699
002230.SZ,20250218,55.08,56.5,53.61,53.82,55.05,-1.23,-2.2343,841948.49,4627403.67
002230.SZ,20250219,53.9,54.82,53.39,54.42,53.82,0.6,1.1148,596208.58,3238198.385
002230.SZ,20250220,54.51,54.89,53.3,53.62,54.42,-0.8,-1.47,601325.95,3247555.519
002230.SZ,20250221,53.9,55.98,53.73,55.6,53.62,1.98,3.6927,1121833.43,6165845.053
002230.SZ,20250224,55.86,59.37,55.2,57.45,55.6,1.85,3.3273,1374307.81,7916747.729
002230.SZ,20250225,56.0,56.7,55.5,55.62,57.45,-1.83,-3.1854,843546.02,4720261.616
002230.SZ,20250226,55.67,55.96,54.74,55.35,55.62,-0.27,-0.4854,624579.64,3451125.967
002230.SZ,20250227,55.71,56.8,53.5,54.32,55.35,-1.03,-1.8609,767042.22,4203173.12
002230.SZ,20250228,53.98,54.33,51.5,51.8,54.32,-2.52,-4.6392,774895.98,4079255.569
002230.SZ,20250303,52.1,52.47,51.07,51.46,51.8,-0.34,-0.6564,458009.48,2375722.061
002230.SZ,20250304,51.46,51.93,51.23,51.6,51.46,0.14,0.2721,417527.68,2152846.784
002230.SZ,20250305,51.73,51.95,51.09,51.79,51.6,0.19,0.3682,378237.4,1949179.855
002230.SZ,20250306,52.53,53.58,52.41,53.29,51.79,1.5,2.8963,661542.95,3509240.582
002230.SZ,20250307,53.29,53.49,52.11,52.37,53.29,-0.92,-1.7264,476771.46,2517897.872
002230.SZ,20250310,53.36,53.58,51.59,52.15,52.37,-0.22,-0.4201,417249.53,2183869.975
002230.SZ,20250311,51.4,51.99,51.27,51.98,52.15,-0.17,-0.326,339670.99,1754035.243
002230.SZ,20250312,52.56,52.69,51.78,51.8,51.98,-0.18,-0.3463,373601.45,1949679.908
002230.SZ,20250313,51.82,52.28,50.35,50.5,51.8,-1.3,-2.5097,418434.54,2134423.757
002230.SZ,20250314,50.5,51.4,50.43,51.25,50.5,0.75,1.4851,345911.59,1763592.319
002230.SZ,20250317,51.26,51.39,50.85,50.93,51.25,-0.32,-0.6244,285141.98,1455592.093
002230.SZ,20250318,51.1,51.5,50.82,50.96,50.93,0.03,0.0589,266873.8,1362468.542
002230.SZ,20250319,50.9,50.94,49.86,50.16,50.96,-0.8,-1.5699,371167.22,1861842.582
002230.SZ,20250320,50.08,50.08,49.54,49.58,50.16,-0.58,-1.1563,323908.76,1612015.023
002230.SZ,20250321,49.57,49.57,48.47,48.54,49.58,-1.04,-2.0976,352147.55,1721864.458
002230.SZ,20250324,48.54,49.09,48.02,48.94,48.54,0.4,0.8241,337339.77,1641220.381
002230.SZ,20250325,48.94,48.94,48.1,48.17,48.94,-0.77,-1.5734,220707.97,1068106.343
002230.SZ,20250326,48.2,48.5,48.1,48.26,48.17,0.09,0.1868,157939.67,762949.224
002230.SZ,20250327,48.2,48.59,47.73,48.28,48.26,0.02,0.0414,185381.49,893708.231
002230.SZ,20250328,48.3,48.4,47.8,47.81,48.28,-0.47,-0.9735,174506.92,838234.994
002230.SZ,20250331,47.57,47.78,46.89,47.57,47.81,-0.24,-0.502,227330.83,1075276.312
002230.SZ,20250401,47.66,48.6,47.66,48.05,47.57,0.48,1.009,219526.14,1057841.329
002230.SZ,20250402,48.06,48.43,47.8,48.25,48.05,0.2,0.4162,151227.05,729023.549
002230.SZ,20250403,48.0,48.38,47.88,48.21,48.25,-0.04,-0.0829,161683.0,778357.631
002230.SZ,20250407,45.25,45.8,43.39,43.39,48.21,-4.82,-9.9979,506616.52,2236916.751
002230.SZ,20250408,43.07,43.76,41.5,42.79,43.39,-0.6,-1.3828,575541.11,2453207.61
002230.SZ,20250409,41.93,43.65,41.2,43.44,42.79,0.65,1.519,506094.2,2163598.135
002230.SZ,20250410,44.33,45.1,43.7,44.16,43.44,0.72,1.6575,413951.15,1840316.218
002230.SZ,20250411,43.88,44.87,43.75,44.53,44.16,0.37,0.8379,285577.93,1266631.309
002230.SZ,20250414,45.04,45.44,44.67,44.76,44.53,0.23,0.5165,240372.04,1081151.388
002230.SZ,20250415,44.67,44.85,44.16,44.37,44.76,-0.39,-0.8713,157683.15,699705.106
002230.SZ,20250416,44.21,44.31,43.45,44.24,44.37,-0.13,-0.293,193508.55,850297.554
002230.SZ,20250417,44.0,44.68,43.96,44.15,44.24,-0.09,-0.2034,172076.22,763258.128
002230.SZ,20250418,43.99,44.55,43.75,44.49,44.15,0.34,0.7701,163400.86,722500.722
002230.SZ,20250421,44.5,45.38,44.11,45.38,44.49,0.89,2.0004,223774.72,1006600.036
002230.SZ,20250422,45.38,45.78,44.45,45.18,45.38,-0.2,-0.4407,313951.79,1411384.327
002230.SZ,20250423,45.53,45.8,44.81,45.1,45.18,-0.08,-0.1771,254044.87,1148098.974
002230.SZ,20250424,45.3,46.0,45.03,45.19,45.1,0.09,0.1996,337674.94,1535934.607
002230.SZ,20250425,45.33,45.85,45.15,45.49,45.19,0.3,0.6639,198373.38,901025.747
002230.SZ,20250428,45.85,46.66,45.7,45.85,45.49,0.36,0.7914,271334.35,1248564.82
002230.SZ,20250429,45.85,46.1,45.48,45.99,45.85,0.14,0.3053,187030.57,858987.437
002230.SZ,20250430,46.1,47.16,46.0,46.93,45.99,0.94,2.0439,308133.62,1442945.388
002230.SZ,20250506,47.22,47.87,47.16,47.78,46.93,0.85,1.8112,340973.59,1621584.079
002230.SZ,20250507,48.36,48.39,47.35,47.7,47.78,-0.08,-0.1674,287351.74,1372945.864
002230.SZ,20250508,47.5,48.45,47.41,48.26,47.7,0.56,1.174,249412.15,1200677.559
002230.SZ,20250509,48.0,48.0,47.0,47.47,48.26,-0.79,-1.637,238496.68,1131262.281
002230.SZ,20250512,47.56,47.94,47.41,47.7,47.47,0.23,0.4845,200206.94,954163.189
002230.SZ,20250513,48.1,48.18,47.41,47.67,47.7,-0.03,-0.0629,195282.5,932352.338
002230.SZ,20250514,47.68,47.96,47.25,47.76,47.67,0.09,0.1888,197570.45,939830.222
002230.SZ,20250515,47.77,47.8,46.8,47.0,47.76,-0.76,-1.5913,204300.05,964414.027
002230.SZ,20250516,46.75,47.11,46.61,46.82,47.0,-0.18,-0.383,130766.78,612787.6
002230.SZ,20250519,46.7,47.1,46.37,47.03,46.82,0.21,0.4485,128573.66,601711.592
002230.SZ,20250520,46.93,47.32,46.69,47.31,47.03,0.28,0.5954,128102.5,603152.378
002230.SZ,20250521,47.24,47.49,46.52,46.64,47.31,-0.67,-1.4162,179015.72,838882.26
002230.SZ,20250522,46.45,47.16,46.35,46.71,46.64,0.07,0.1501,146306.96,684520.477
002230.SZ,20250523,46.53,46.95,46.01,46.04,46.71,-0.67,-1.4344,169915.5,789289.35
002230.SZ,20250526,46.03,46.36,45.96,46.12,46.04,0.08,0.1738,119140.86,549763.485
002230.SZ,20250527,46.09,46.29,45.7,45.82,46.12,-0.3,-0.6505,118929.81,546209.521
002230.SZ,20250528,45.83,46.05,45.41,45.51,45.82,-0.31,-0.6766,105197.84,479582.352
002230.SZ,20250529,45.52,46.7,45.51,46.68,45.51,1.17,2.5709,198950.41,922242.365
002230.SZ,20250530,46.36,46.59,46.02,46.03,46.68,-0.65,-1.3925,134194.32,619392.563
002230.SZ,20250603,46.46,48.22,46.3,47.88,46.03,1.85,4.0191,497986.47,2382244.229
002230.SZ,20250604,47.81,48.1,47.58,47.99,47.88,0.11,0.2297,215453.55,1031477.151
002230.SZ,20250605,48.16,48.75,47.91,48.61,47.99,0.62,1.2919,302403.38,1463789.799
002230.SZ,20250606,48.55,48.96,48.39,48.77,48.61,0.16,0.3292,240496.49,1171522.047
002230.SZ,20250609,48.89,49.07,48.53,48.82,48.77,0.05,0.1025,200484.27,979446.878
002230.SZ,20250610,48.75,48.84,47.6,48.0,48.82,-0.82,-1.6796,310941.95,1494901.302
002230.SZ,20250611,48.08,48.8,48.08,48.1,48.0,0.1,0.2083,162008.53,783483.801
002230.SZ,20250612,48.13,48.29,47.83,47.94,48.1,-0.16,-0.3326,186367.33,895737.673
002230.SZ,20250613,47.75,48.37,47.23,47.86,47.94,-0.08,-0.1669,565373.74,2699870.027
002230.SZ,20250616,47.71,48.66,47.58,47.9,47.86,0.04,0.0836,197904.03,948634.495
002230.SZ,20250617,48.0,48.2,47.51,47.63,47.9,-0.27,-0.5637,137009.04,654492.117
002230.SZ,20250618,47.64,47.89,47.28,47.69,47.63,0.06,0.126,149947.0,712930.44
002230.SZ,20250619,47.66,47.95,46.86,46.96,47.69,-0.73,-1.5307,177818.42,843532.233
002230.SZ,20250620,46.9,47.21,45.8,45.84,46.96,-1.12,-2.385,216833.33,1003125.528
002230.SZ,20250623,45.7,46.17,45.52,46.02,45.84,0.18,0.3927,149343.02,685801.697
002230.SZ,20250624,46.17,46.75,46.0,46.74,46.02,0.72,1.5645,206280.58,959977.493
002230.SZ,20250625,46.74,47.55,46.5,47.55,46.74,0.81,1.733,234434.94,1103632.972
002230.SZ,20250626,47.58,48.08,47.34,47.36,47.55,-0.19,-0.3996,216829.94,1033431.902
002230.SZ,20250627,47.38,47.74,47.19,47.24,47.36,-0.12,-0.2534,171206.45,811269.407
002230.SZ,20250630,47.25,47.9,47.24,47.88,47.24,0.64,1.3548,189382.75,902438.057
002230.SZ,20250701,47.93,48.08,47.4,47.83,47.88,-0.05,-0.1044,178244.68,851643.562
002230.SZ,20250702,47.52,47.7,46.9,47.14,47.83,-0.69,-1.4426,172103.43,811718.968
002230.SZ,20250703,47.08,47.33,46.91,47.12,47.14,-0.02,-0.0424,122245.99,575593.366
002230.SZ,20250704,47.11,47.35,46.55,46.91,47.02,-0.11,-0.2339,158299.04,742840.139
002230.SZ,20250707,46.88,46.89,46.28,46.33,46.91,-0.58,-1.2364,140240.01,651435.797
002230.SZ,20250708,46.33,46.85,46.1,46.84,46.33,0.51,1.1008,166236.91,775425.259
002230.SZ,20250709,46.84,47.15,46.7,46.82,46.84,-0.02,-0.0427,177133.91,830515.335
002230.SZ,20250710,46.77,47.0,46.58,46.81,46.82,-0.01,-0.0214,150701.65,705286.547
002230.SZ,20250711,46.49,47.11,44.98,46.98,46.81,0.17,0.3632,458475.73,2118150.736
002230.SZ,20250714,46.94,46.94,46.33,46.37,46.98,-0.61,-1.2984,209163.54,972179.829
002230.SZ,20250715,46.33,47.38,46.02,47.24,46.37,0.87,1.8762,341738.65,1596294.259
002230.SZ,20250716,47.36,47.86,46.91,47.08,47.24,-0.16,-0.3387,282587.89,1338939.509
002230.SZ,20250717,47.08,47.94,46.83,47.6,47.08,0.52,1.1045,308970.41,1463258.311
002230.SZ,20250718,47.76,48.5,47.48,47.66,47.6,0.06,0.1261,332413.77,1592677.048
002230.SZ,20250721,47.78,48.07,47.55,47.92,47.66,0.26,0.5455,239502.69,1145416.696
002230.SZ,20250722,47.72,47.86,47.3,47.52,47.92,-0.4,-0.8347,209306.97,994319.557
002230.SZ,20250723,47.49,48.09,47.45,47.7,47.52,0.18,0.3788,271867.48,1298187.325
002230.SZ,20250724,47.8,48.28,47.61,48.25,47.7,0.55,1.153,312286.86,1499661.236
002230.SZ,20250725,48.88,50.62,48.88,50.19,48.25,1.94,4.0207,926335.75,4622057.873
002230.SZ,20250728,50.18,50.18,49.0,49.29,50.19,-0.9,-1.7932,496020.6,2445167.752
002230.SZ,20250729,49.05,49.29,48.35,49.01,49.29,-0.28,-0.5681,371640.91,1811638.309
002230.SZ,20250730,48.72,49.06,48.08,48.41,49.01,-0.6,-1.2242,293430.59,1426389.948
002230.SZ,20250731,48.53,49.89,48.53,48.78,48.41,0.37,0.7643,559617.22,2748856.438
002230.SZ,20250801,49.31,49.38,47.81,48.62,48.78,-0.16,-0.328,429155.68,2080777.938
002230.SZ,20250804,48.28,49.07,48.11,49.07,48.62,0.45,0.9255,293849.06,1433134.022
002230.SZ,20250805,49.08,49.16,48.41,48.96,49.07,-0.11,-0.2242,276584.15,1348725.534
002230.SZ,20250806,48.92,49.15,48.7,49.04,48.96,0.08,0.1634,271525.83,1329859.867
002230.SZ,20250807,49.04,49.44,48.6,48.88,49.04,-0.16,-0.3263,258367.79,1264121.092
002230.SZ,20250808,48.88,48.88,48.16,48.22,48.88,-0.66,-1.3502,274273.22,1327548.82
002230.SZ,20250811,48.21,49.6,48.18,49.06,48.22,0.84,1.742,353870.23,1726009.25
002230.SZ,20250812,49.0,49.01,48.48,48.72,49.06,-0.34,-0.693,288855.26,1406015.152
002230.SZ,20250813,48.77,49.07,48.56,48.91,48.72,0.19,0.39,342330.84,1673255.201
002230.SZ,20250814,48.99,49.69,48.41,48.53,48.91,-0.38,-0.7769,465710.67,2285567.494
002230.SZ,20250815,48.48,49.1,48.19,49.07,48.53,0.54,1.1127,380550.64,1854512.874
002230.SZ,20250818,49.19,50.21,49.13,49.81,49.07,0.74,1.508,651036.59,3242150.312
002230.SZ,20250819,49.81,50.21,49.6,49.67,49.81,-0.14,-0.2811,447871.85,2234673.597
002230.SZ,20250820,49.67,50.66,49.1,50.5,49.67,0.83,1.671,559341.19,2790261.899
002230.SZ,20250821,50.67,51.79,50.66,50.98,50.5,0.48,0.9505,737964.43,3781221.222
002230.SZ,20250822,50.31,52.4,50.0,52.22,50.98,1.24,2.4323,997709.0,5137275.825
002230.SZ,20250825,53.0,53.25,51.5,52.2,52.22,-0.02,-0.0383,968995.8,5063588.058
002230.SZ,20250826,52.2,52.62,51.85,52.05,52.2,-0.15,-0.2874,578841.79,3018639.472
002230.SZ,20250827,54.0,56.18,52.65,52.68,52.05,0.63,1.2104,1612560.85,8790187.019
002230.SZ,20250828,52.03,53.71,51.79,53.7,52.68,1.02,1.9362,1071028.7,5638298.276
002230.SZ,20250829,53.78,54.35,52.68,53.35,53.7,-0.35,-0.6518,700127.09,3737377.748
002230.SZ,20250901,53.88,54.37,52.88,53.14,53.35,-0.21,-0.3936,579693.8,3092559.362
002230.SZ,20250902,53.14,54.3,51.85,53.4,53.14,0.26,0.4893,979668.58,5207733.28
002230.SZ,20250903,53.11,53.53,51.0,51.1,53.4,-2.3,-4.3071,719556.65,3743851.068
002230.SZ,20250904,51.12,51.46,48.19,49.2,51.1,-1.9,-3.7182,728136.03,3625928.129
002230.SZ,20250905,49.19,50.0,48.31,49.89,49.2,0.69,1.4024,505491.69,2487573.905
002230.SZ,20250908,50.05,53.77,50.05,52.7,49.89,2.81,5.6324,1118175.19,5856961.667
002230.SZ,20250909,52.01,52.32,50.28,50.31,52.7,-2.39,-4.5351,673738.79,3433665.891
002230.SZ,20250910,50.35,50.87,50.1,50.17,50.31,-0.14,-0.2783,341809.78,1724253.923
002230.SZ,20250911,50.47,51.49,49.72,51.49,50.17,1.32,2.6311,534695.69,2721586.223
002230.SZ,20250912,51.54,52.66,51.38,51.47,51.49,-0.02,-0.0388,622686.66,3235648.545
002230.SZ,20250915,51.49,52.11,51.13,51.6,51.47,0.13,0.2526,427841.69,2207847.573
002230.SZ,20250916,51.6,52.65,51.36,52.27,51.6,0.67,1.2984,547889.71,2855578.25
002230.SZ,20250917,52.25,52.75,51.7,52.4,52.27,0.13,0.2487,499096.95,2603880.299
002230.SZ,20250918,52.43,54.26,51.8,52.58,52.4,0.18,0.3435,1009565.65,5363628.288
002230.SZ,20250919,52.58,53.92,52.17,52.8,52.58,0.22,0.4184,744618.13,3962036.238
002230.SZ,20250922,53.25,53.77,52.59,53.2,52.8,0.4,0.7576,626645.49,3331938.106
002230.SZ,20250923,53.31,53.36,50.75,51.65,53.2,-1.55,-2.9135,779323.4,4035116.424
002230.SZ,20250924,51.25,55.99,51.05,55.05,51.65,3.4,6.5828,1594764.4,8653428.484
002230.SZ,20250925,54.5,56.66,54.4,56.17,55.05,1.12,2.0345,1234587.03,6893545.69
002230.SZ,20250926,55.8,56.0,54.13,54.2,56.17,-1.97,-3.5072,796259.27,4368605.054
002230.SZ,20250929,54.25,54.9,53.61,53.95,54.2,-0.25,-0.4613,588304.14,3178034.501
002230.SZ,20250930,54.85,56.42,54.3,56.05,53.95,2.1,3.8925,970798.54,5402759.284
002230.SZ,20251009,56.4,60.99,55.66,59.64,56.05,3.59,6.405,1573324.69,9192616.377
002230.SZ,20251010,58.5,59.07,55.66,55.97,59.64,-3.67,-6.1536,1199661.08,6841558.737
002230.SZ,20251013,53.77,56.5,53.71,55.42,55.97,-0.55,-0.9827,812882.85,4497019.125
002230.SZ,20251014,56.0,56.26,52.82,52.9,55.42,-2.52,-4.5471,868055.92,4701299.402
002230.SZ,20251015,53.06,54.55,52.51,54.48,52.9,1.58,2.9868,588260.99,3154843.096
002230.SZ,20251016,53.97,54.24,53.37,53.71,54.48,-0.77,-1.4134,405015.86,2174948.131
002230.SZ,20251017,53.72,53.72,51.27,51.34,53.71,-2.37,-4.4126,628998.97,3272441.723
002230.SZ,20251020,52.17,52.6,51.07,51.35,51.34,0.01,0.0195,433313.65,2243922.144
002230.SZ,20251021,52.53,53.26,51.88,52.6,51.35,1.25,2.4343,529937.25,2778513.306
002230.SZ,20251022,52.3,52.36,51.64,51.75,52.6,-0.85,-1.616,338910.44,1757583.526
002230.SZ,20251023,51.82,52.1,50.69,51.85,51.75,0.1,0.1932,354945.26,1819513.374
002230.SZ,20251024,52.27,52.75,52.12,52.55,51.85,0.7,1.35,467090.29,2450064.703
002230.SZ,20251027,53.2,53.53,52.56,52.82,52.55,0.27,0.5138,509699.78,2697902.337
002230.SZ,20251028,52.79,54.48,52.46,53.59,52.82,0.77,1.4578,719841.0,3865422.283
002230.SZ,20251029,53.34,53.99,53.01,53.99,53.59,0.4,0.7464,511816.06,2744158.443
002230.SZ,20251030,53.7,55.15,53.43,54.02,53.99,0.03,0.0556,743525.01,4042739.344
002230.SZ,20251031,54.11,55.83,54.1,55.6,54.02,1.58,2.9248,855945.98,4735820.623
002230.SZ,20251103,56.28,56.38,54.71,55.6,55.6,0.0,0.0,662671.34,3673186.707
002230.SZ,20251104,54.9,54.9,53.71,54.09,55.6,-1.51,-2.7158,563574.96,3058841.264
002230.SZ,20251105,53.01,53.39,52.09,52.77,54.09,-1.32,-2.4404,565421.46,2977680.525
002230.SZ,20251106,52.78,54.6,52.38,53.6,52.77,0.83,1.5729,494758.37,2636640.397
002230.SZ,20251107,53.15,53.27,52.5,52.52,53.6,-1.08,-2.0149,384750.85,2030721.679
002230.SZ,20251110,52.66,53.42,52.66,52.91,52.52,0.39,0.7426,347121.89,1840704.652
002230.SZ,20251111,53.02,53.15,51.2,51.48,52.91,-1.43,-2.7027,522031.79,2717365.847
002230.SZ,20251112,51.48,51.68,50.18,50.55,51.48,-0.93,-1.8065,380685.71,1932575.7
002230.SZ,20251113,50.54,51.06,50.37,50.87,50.55,0.32,0.633,274688.32,1394510.651
002230.SZ,20251114,50.4,50.54,49.98,49.98,50.87,-0.89,-1.7496,301073.85,1510723.296
002230.SZ,20251117,49.9,50.9,49.82,50.56,49.98,0.58,1.1605,292978.38,1476611.348
002230.SZ,20251118,50.4,52.0,50.1,51.55,50.56,0.99,1.9581,456933.49,2343992.656
002230.SZ,20251119,51.46,51.49,50.55,50.92,51.55,-0.63,-1.2221,291113.28,1484210.466
002230.SZ,20251120,51.3,51.4,50.08,50.1,50.92,-0.82,-1.6104,242108.21,1222637.641
002230.SZ,20251121,49.54,50.2,48.64,49.2,50.1,-0.9,-1.7964,377140.69,1859923.804
002230.SZ,20251124,49.8,50.84,48.83,50.55,49.2,1.35,2.7439,415296.96,2077273.344
002230.SZ,20251125,50.66,51.58,50.46,50.53,50.55,-0.02,-0.0396,406041.12,2069265.044
002230.SZ,20251126,50.11,50.74,49.9,50.02,50.53,-0.51,-1.0093,300177.6,1507441.648
002230.SZ,20251127,50.03,50.49,49.33,49.37,50.02,-0.65,-1.2995,287799.29,1435825.349
002230.SZ,20251128,49.45,49.68,49.18,49.52,49.37,0.15,0.3038,209852.65,1037150.024
002230.SZ,20251201,49.82,50.3,49.45,50.08,49.52,0.56,1.1309,280843.7,1403439.786
002230.SZ,20251202,50.15,50.2,49.43,49.49,50.08,-0.59,-1.1781,210493.14,1046033.644
002230.SZ,20251203,49.55,49.61,48.5,48.51,49.49,-0.98,-1.9802,271984.73,1330140.841
002230.SZ,20251204,48.46,48.79,48.08,48.63,48.51,0.12,0.2474,197802.0,958420.508
002230.SZ,20251205,48.63,49.06,48.2,48.83,48.63,0.2,0.4113,213200.21,1036382.488
002230.SZ,20251208,49.06,49.41,48.9,49.18,48.83,0.35,0.7168,239562.16,1177586.876
002230.SZ,20251209,49.18,49.31,48.51,48.63,49.18,-0.55,-1.1183,212788.68,1040111.09
002230.SZ,20251210,48.4,49.18,48.1,49.16,48.63,0.53,1.0899,233904.62,1138057.622
002230.SZ,20251211,49.25,49.28,48.85,48.87,49.16,-0.29,-0.5899,211272.03,1036437.914
002230.SZ,20251212,48.8,49.82,48.71,49.7,48.87,0.83,1.6984,400636.23,1980640.77
002230.SZ,20251215,49.5,50.38,49.2,49.87,49.7,0.17,0.3421,302883.38,1509499.654
002230.SZ,20251216,49.66,49.86,48.75,48.75,49.87,-1.12,-2.2458,215585.27,1058375.712
002230.SZ,20251217,48.74,49.42,48.51,49.33,48.75,0.58,1.1897,217040.79,1063011.608
002230.SZ,20251218,48.91,49.33,48.66,48.66,49.33,-0.67,-1.3582,179930.19,881133.855
002230.SZ,20251219,48.75,48.96,48.66,48.8,48.66,0.14,0.2877,158129.49,772071.318
002230.SZ,20251222,48.94,49.24,48.76,49.05,48.8,0.25,0.5123,205401.01,1006958.365
002230.SZ,20251223,49.01,49.05,48.58,48.62,49.05,-0.43,-0.8767,203321.08,990285.842
002230.SZ,20251224,48.63,48.9,48.45,48.73,48.62,0.11,0.2262,201684.42,981671.775
002230.SZ,20251225,48.8,48.9,48.37,48.75,48.73,0.02,0.041,249450.6,1213394.427
002230.SZ,20251226,48.76,49.35,48.62,48.84,48.75,0.09,0.1846,295474.18,1447838.262
002230.SZ,20251229,48.87,49.3,48.46,49.02,48.84,0.18,0.3686,341371.94,1667284.547
002230.SZ,20251230,48.71,49.16,48.66,48.95,49.02,-0.07,-0.1428,296727.77,1451104.87
002230.SZ,20251231,49.5,50.79,49.5,50.29,48.95,1.34,2.7375,661443.93,3323210.618
002230.SZ,20260105,51.0,54.54,51.0,53.84,50.29,3.55,7.0591,1346857.3,7127686.667
002230.SZ,20260106,54.07,54.59,53.18,53.89,53.84,0.05,0.0929,1120525.53,6031721.441
002230.SZ,20260107,53.91,54.22,52.57,53.02,53.89,-0.87,-1.6144,828056.82,4416441.016
002230.SZ,20260108,53.73,54.46,53.1,53.41,53.02,0.39,0.7356,779024.65,4176899.69
002230.SZ,20260109,53.15,55.85,52.92,55.6,53.41,2.19,4.1004,1417936.53,7736755.063
002230.SZ,20260112,57.5,60.5,57.3,59.6,55.6,4.0,7.1942,1997931.35,11794942.724
002230.SZ,20260113,61.02,65.0,60.8,60.89,59.6,1.29,2.1644,2235855.9,13858254.114
002230.SZ,20260114,61.26,64.5,61.26,62.64,60.89,1.75,2.874,2092433.43,13132728.031
002230.SZ,20260115,61.66,66.3,61.54,63.39,62.64,0.75,1.1973,1499371.86,9570270.505
002230.SZ,20260116,61.54,67.5,61.52,63.7,63.39,0.31,0.489,1572391.98,10160664.529
002230.SZ,20260119,63.78,65.02,60.81,61.05,63.7,-2.65,-4.1601,1491682.01,9286832.583
002230.SZ,20260120,61.5,61.83,58.02,58.63,61.05,-2.42,-3.964,1204429.57,7132471.424
002230.SZ,20260121,58.03,59.23,57.85,58.09,58.63,-0.54,-0.921,716922.67,4194035.246
002230.SZ,20260122,58.6,59.77,58.11,58.44,58.09,0.35,0.6025,637770.36,3746334.575
002230.SZ,20260123,59.0,59.3,58.11,58.75,58.44,0.31,0.5305,695057.94,4083467.558
002230.SZ,20260126,59.7,60.0,57.7,58.17,58.75,-0.58,-0.9872,846007.76,4962568.922
002230.SZ,20260127,58.45,58.99,57.26,58.15,58.17,-0.02,-0.0344,686265.05,3978486.086
002230.SZ,20260128,58.5,58.75,57.26,57.32,58.15,-0.83,-1.4273,680168.3,3933553.2
002230.SZ,20260129,58.51,63.05,58.51,61.0,57.32,3.68,6.4201,2066288.85,12688753.52
002230.SZ,20260130,60.68,61.21,58.68,59.6,61.0,-1.4,-2.2951,1316308.65,7853863.089
002230.SZ,20260202,59.6,60.25,56.85,57.0,59.6,-2.6,-4.3624,1008381.03,5888395.18
002230.SZ,20260203,57.99,58.14,56.48,58.12,57.0,1.12,1.9649,782130.58,4495687.412
002230.SZ,20260204,57.42,58.28,56.35,56.93,58.12,-1.19,-2.0475,681237.15,3878533.159
002230.SZ,20260205,56.15,56.94,55.66,55.75,56.93,-1.18,-2.0727,504147.74,2827155.392
002230.SZ,20260206,55.25,55.64,54.32,54.81,55.75,-0.94,-1.6861,498327.0,2740836.895
002230.SZ,20260209,55.75,56.7,55.35,56.41,54.81,1.6,2.9192,634469.65,3555871.565
002230.SZ,20260210,56.5,57.24,55.82,56.86,56.41,0.45,0.7977,618444.77,3506003.301
002230.SZ,20260211,56.51,57.16,56.38,56.47,56.86,-0.39,-0.6859,416034.42,2359057.319
002230.SZ,20260212,56.95,58.4,56.56,57.8,56.47,1.33,2.3552,807094.12,4639970.912
002230.SZ,20260213,56.88,57.67,56.81,57.12,57.8,-0.68,-1.1765,546818.03,3126377.99
002230.SZ,20260224,58.4,58.45,55.86,57.16,57.12,0.04,0.07,740942.09,4223020.218
002230.SZ,20260225,56.7,57.12,55.96,56.12,57.16,-1.04,-1.8195,576424.99,3245816.379
002230.SZ,20260226,56.13,56.18,55.4,55.69,56.12,-0.43,-0.7662,456539.83,2543350.301
002230.SZ,20260227,55.48,56.27,55.3,55.82,55.69,0.13,0.2334,446259.65,2491942.172
002230.SZ,20260302,54.76,55.21,54.1,54.32,55.82,-1.5,-2.6872,577188.54,3150990.302
002230.SZ,20260303,54.59,54.81,52.09,52.15,54.32,-2.17,-3.9948,652140.27,3468043.123
002230.SZ,20260304,51.46,52.51,51.22,51.72,52.15,-0.43,-0.8245,440068.83,2283367.039
002230.SZ,20260305,52.88,52.96,51.91,52.19,51.72,0.47,0.9087,360594.85,1888642.166
002230.SZ,20260306,52.2,52.83,51.87,52.53,52.19,0.34,0.6515,310993.1,1629494.278
002230.SZ,20260309,51.79,53.7,51.5,53.5,52.53,0.97,1.8466,548254.99,2888883.354
002230.SZ,20260310,54.11,54.38,53.19,53.7,53.5,0.2,0.3738,493230.3,2650356.476
002230.SZ,20260311,53.68,53.68,52.97,53.08,53.7,-0.62,-1.1546,335305.26,1784316.645
002230.SZ,20260312,52.91,53.4,52.32,52.68,53.08,-0.4,-0.7536,296750.27,1565362.445
002230.SZ,20260313,52.52,52.52,51.61,51.8,52.68,-0.88,-1.6705,284746.58,1481886.274
002230.SZ,20260316,51.75,52.14,51.0,52.13,51.8,0.33,0.6371,310123.85,1597227.336
002230.SZ,20260317,52.18,52.34,51.11,51.17,52.13,-0.96,-1.8415,276231.25,1430552.178
002230.SZ,20260318,51.23,51.64,50.66,51.58,51.17,0.41,0.8013,302331.43,1544757.566
002230.SZ,20260319,50.7,51.02,50.01,50.36,51.58,-1.22,-2.3653,345586.37,1742837.453
002230.SZ,20260320,50.8,50.83,49.06,49.06,50.36,-1.3,-2.5814,360422.2,1794876.999
002230.SZ,20260323,48.1,48.65,46.3,46.45,49.06,-2.61,-5.32,512678.57,2428440.314
002230.SZ,20260324,47.16,47.28,45.74,46.83,46.45,0.38,0.8181,383756.22,1781471.179
002230.SZ,20260325,47.15,47.95,47.1,47.57,46.83,0.74,1.5802,342096.09,1626959.072
002230.SZ,20260326,47.6,47.62,46.43,46.57,47.57,-1.0,-2.1022,237969.21,1118509.968
002230.SZ,20260327,45.88,46.86,45.77,46.74,46.57,0.17,0.365,210807.46,978459.7
002230.SZ,20260330,45.98,46.42,45.36,46.4,46.74,-0.34,-0.7274,256953.13,1181652.41
002230.SZ,20260331,46.4,47.15,46.06,46.21,46.4,-0.19,-0.4095,248722.62,1160281.839
002230.SZ,20260401,47.25,47.36,46.55,47.01,46.21,0.8,1.7312,273995.85,1285642.89
002230.SZ,20260402,46.71,46.71,45.78,45.88,47.01,-1.13,-2.4037,251339.41,1160380.935
002230.SZ,20260403,46.02,46.27,45.62,45.72,45.88,-0.16,-0.3487,186960.54,858109.985
002230.SZ,20260407,45.75,45.99,45.38,45.58,45.72,-0.14,-0.3062,170669.94,779754.34
002230.SZ,20260408,46.5,47.92,46.5,47.91,45.58,2.33,5.1119,524068.41,2482663.823
002230.SZ,20260409,47.26,47.41,46.8,47.21,47.91,-0.7,-1.4611,302452.5,1426238.984
002230.SZ,20260410,47.5,48.33,47.47,47.64,47.21,0.43,0.9108,390025.42,1866549.559
002230.SZ,20260413,47.23,47.92,47.06,47.78,47.64,0.14,0.2939,278604.75,1326252.523
002230.SZ,20260414,48.5,48.64,47.87,48.33,47.78,0.55,1.1511,366268.03,1768145.918
002230.SZ,20260415,48.86,48.98,47.39,47.54,48.33,-0.79,-1.6346,359789.85,1729037.367
002230.SZ,20260416,47.83,48.46,47.8,48.1,47.54,0.56,1.178,351349.6,1689317.381
002230.SZ,20260417,47.86,48.45,47.64,48.24,48.1,0.14,0.2911,290996.5,1399841.76
002230.SZ,20260420,48.2,49.07,47.9,48.94,48.24,0.7,1.4511,434959.77,2120636.423
002230.SZ,20260421,49.5,49.64,48.4,48.78,48.94,-0.16,-0.3269,327475.64,1597300.299
002230.SZ,20260422,48.6,49.76,48.51,49.51,48.78,0.73,1.4965,400497.24,1973915.043
002230.SZ,20260423,49.73,50.09,48.68,48.89,49.51,-0.62,-1.2523,385157.76,1896372.75
002230.SZ,20260424,48.5,49.48,47.75,49.07,48.89,0.18,0.3682,391981.06,1902140.239
002230.SZ,20260427,49.08,50.02,48.54,49.81,49.07,0.74,1.508,386207.72,1913134.435
002230.SZ,20260428,49.58,50.03,48.9,49.17,49.81,-0.64,-1.2849,350863.13,1730764.448
002230.SZ,20260429,47.68,48.18,47.01,48.06,49.17,-1.11,-2.2575,489239.14,2342237.705
002230.SZ,20260430,47.98,48.41,47.69,47.79,48.06,-0.27,-0.5618,380181.74,1821756.993
002230.SZ,20260506,48.35,50.19,48.34,49.48,47.79,1.69,3.5363,708103.76,3509881.053
002230.SZ,20260507,49.73,50.04,49.21,49.98,49.48,0.5,1.0105,526309.32,2614014.007
002230.SZ,20260508,50.5,50.88,49.62,49.91,49.98,-0.07,-0.1401,647412.73,3248741.395
002230.SZ,20260511,50.0,50.66,49.68,50.3,49.91,0.39,0.7814,589705.15,2960786.349
002230.SZ,20260512,50.3,50.3,48.81,48.83,50.3,-1.47,-2.9225,538098.08,2649970.105
002230.SZ,20260513,48.59,49.6,48.12,49.4,48.83,0.57,1.1673,528797.75,2582084.144
002230.SZ,20260514,49.77,50.29,47.68,47.68,49.4,-1.72,-3.4818,613285.61,2973490.828
002230.SZ,20260515,47.68,48.54,47.04,47.14,47.68,-0.54,-1.1326,528078.89,2514352.169
002230.SZ,20260518,47.0,49.12,46.86,48.71,47.14,1.57,3.3305,622709.02,3018476.028
002230.SZ,20260519,48.71,49.6,48.35,49.12,48.71,0.41,0.8417,506931.24,2483938.695
002230.SZ,20260520,48.88,48.94,47.88,48.0,49.12,-1.12,-2.2801,403294.63,1945944.528
002230.SZ,20260521,48.25,49.36,47.15,47.2,48.0,-0.8,-1.6667,587397.22,2847680.323
002230.SZ,20260522,47.58,47.88,46.77,47.35,47.2,0.15,0.3178,412529.13,1949517.529
002230.SZ,20260525,47.7,48.68,47.41,48.68,47.35,1.33,2.8089,537203.67,2585302.275
002230.SZ,20260526,48.34,50.1,47.73,49.25,48.68,0.57,1.1709,689376.37,3387189.241
002230.SZ,20260527,49.24,50.99,48.7,50.25,49.25,1.0,2.0305,1084084.81,5435962.111
002230.SZ,20260528,50.27,50.27,47.91,49.13,50.25,-1.12,-2.2289,873093.6,4268002.314
002230.SZ,20260529,49.66,50.45,47.81,47.9,49.13,-1.23,-2.5036,726450.8,3570329.498
002230.SZ,20260601,47.9,49.87,47.6,49.14,47.9,1.24,2.5887,703031.48,3444255.49
002230.SZ,20260602,49.31,49.45,47.88,48.26,49.14,-0.88,-1.7908,537323.95,2593490.746
002230.SZ,20260603,47.82,48.62,47.04,47.51,48.26,-0.75,-1.5541,580983.55,2770800.876
002230.SZ,20260604,46.96,46.98,45.83,45.84,47.51,-1.67,-3.515,605943.63,2796621.798
002230.SZ,20260605,45.83,46.43,45.01,46.03,45.84,0.19,0.4145,482054.83,2200804.679
002230.SZ,20260608,45.0,45.39,43.96,44.12,46.03,-1.91,-4.1495,437576.62,1958185.101
002230.SZ,20260609,44.31,44.9,43.96,44.51,44.12,0.39,0.884,326756.47,1453150.80654
002230.SZ,20260610,44.3,44.4,42.11,42.29,44.51,-2.22,-4.9876,542781.38,2333194.97734
002230.SZ,20260611,41.9,41.9,40.53,40.79,42.29,-1.5,-3.5469,510361.37,2098152.81482
002230.SZ,20260612,41.2,41.38,40.24,40.39,40.79,-0.4,-0.9806,723219.24,2943754.76896
002230.SZ,20260615,41.01,41.77,41.01,41.48,40.39,1.09,2.6987,493222.47,2039871.20617
002230.SZ,20260616,41.45,41.57,40.86,41.28,41.48,-0.2,-0.4822,363576.13,1498105.59965
002230.SZ,20260617,41.27,41.95,40.58,41.59,41.28,0.31,0.751,431082.91,1782809.79543
002230.SZ,20260618,41.33,43.6,40.95,42.61,41.59,1.02,2.4525,663727.1,2825097.51636
002230.SZ,20260622,42.19,44.58,42.01,43.88,42.61,1.27,2.9805,684381.11,2993460.40275
002230.SZ,20260623,43.46,43.96,42.05,42.25,43.88,-1.63,-3.7147,537040.66,2304844.36267
002230.SZ,20260624,42.25,42.88,41.57,42.6,42.25,0.35,0.8284,420327.51,1776292.05424
002230.SZ,20260625,42.55,42.71,41.4,41.68,42.6,-0.92,-2.1596,448975.62,1876254.73255
002230.SZ,20260626,41.28,41.43,39.09,39.12,41.68,-2.56,-6.142,629957.98,2513510.99543
002230.SZ,20260629,39.15,40.11,39.07,39.46,39.12,0.34,0.8691,371930.96,1471307.45849
002230.SZ,20260630,40.01,41.5,39.94,40.84,39.46,1.38,3.4972,508110.18,2070485.08513
002230.SZ,20260701,40.7,41.76,40.46,41.03,40.84,0.19,0.4652,447366.36,1840979.59054
002230.SZ,20260702,41.39,42.0,40.66,41.08,41.03,0.05,0.1219,543636.12,2236662.43472
002230.SZ,20260703,40.53,42.0,40.53,41.51,41.08,0.43,1.0467,538275.92,2218691.0887
